exclude,study_id,author,location_id,location_name,piv,prim_inf_var,variant,symptom_severity,severity,sample_size,efficacy_mean,efficacy_lower,efficacy_upper,pinf,average_time_since_infection,start_interval,end_interval,sev_severity,prim_variant_name,variant_name,study_id2,mid_point1,mid_point,or,e_mean,se,mean_logit,sd_logit,or_lower,or_upper,or_log,se_log,insesqua
0,7,Smid M,47,Czechia,1,mixed variant,B.1.1.529,severe,hosp,,0.87,0.73,0.94,1,,2,24,severe,Alpha,Omicron,7&Alpha&Omicron,13,13,0.13,0.77,0.0535714285714286,1.20831120592453,0.302492538517383,0.0600000000000001,0.27,-2.04022082852655,0.383693213463335,0.432049379893857
0,7,Smid M,47,Czechia,1,mixed variant,B.1.1.529,severe,hosp,,0.92,0.86,0.96,1,,25,52,severe,Alpha,Omicron,7&Alpha&Omicron,38.5,38.5,0.08,0.82,0.0255102040816327,1.51634748936809,0.172833360986671,0.04,0.14,-2.52572864430826,0.319582389922287,0.626099033699941
0,26,Altarawneh H,151,Qatar,1,mixed variant,B.1.1.529,severe,hosp,,0.716,0.157,0.904,2,46,,,severe,Alpha,Omicron,26&Alpha&Omicron,,46,0.284,0.616,0.190561224489796,0.472604410945793,0.80560582593427,0.096,0.843,-1.25878104082093,0.554239481258678,0.229077657047781
0,26,Altarawneh H,151,Qatar,1,mixed variant,B.1.1.529.2,severe,hosp,,0.734,0.002,0.929,2,46,,,severe,Alpha,Omicron,26&Alpha&Omicron,,46,0.266,0.634,0.236479591836735,0.54941562103586,1.01911530501428,0.071,0.998,-1.32425897020044,0.674253418181161,0.205637902978308
0,28,Cerqueira-Silva T,135,Brazil,1,mixed variant,B.1.1.529,severe,hosp&death,,0.845,0.731,0.911,1,,12,23,severe,Alpha,Omicron,28&Alpha&Omicron,17.5,17.5,0.155,0.745,0.0459183673469388,1.07212067322113,0.241707421223523,0.089,0.269,-1.86433016206289,0.282161992313699,0.466666666666667
0,28,Cerqueira-Silva T,135,Brazil,1,mixed variant,B.1.1.529,severe,hosp&death,,0.895,0.86,0.922,1,,24,51,severe,Alpha,Omicron,28&Alpha&Omicron,37.5,37.5,0.105,0.795,0.0158163265306123,1.35533213551592,0.0970475626974214,0.078,0.14,-2.25379492882461,0.149217754061151,0.79514656794589
0,28,Cerqueira-Silva T,135,Brazil,1,mixed variant,B.1.1.529,severe,hosp&death,,0.803,0.744,0.848,1,,52,64,severe,Alpha,Omicron,28&Alpha&Omicron,58,58,0.197,0.703,0.026530612244898,0.861624753007965,0.127067796240729,0.152,0.256,-1.62455155024415,0.132983909090124,0.613940613514921
