age_group_id,age_group_years_start,age_group_years_end
2,0,0.01917808
3,0.01917808,0.07671233
4,0.07671233,1
5,1,5
6,5,10
7,10,15
8,15,20
9,20,25
10,25,30
11,30,35
12,35,40
13,40,45
14,45,50
15,50,55
16,55,60
17,60,65
18,65,70
19,70,75
20,75,80
30,80,85
31,85,90
32,90,95
235,95,125
