exclude,study_id,author,location_id,location_name,piv,prim_inf_var,variant,symptom_severity,severity,sample_size,efficacy_mean,efficacy_lower,efficacy_upper,pinf,average_time_since_infection,start_interval,end_interval,sev_severity,prim_variant_name,variant_name,study_id2,mid_point1,mid_point,or,e_mean,se,mean_logit,sd_logit,or_lower,or_upper,or_log,se_log,insesqua,insesqua_reduced
0,5,Altarawneh H,151,Qatar,1,Ancestral,B.1.1.7,infection,infection,,0.894,0.226,0.985,1,,12,32,infection,Ancestral,Alpha,5&Ancestral&Alpha,22,22,0.106,0.794,0.193622448979592,1.34920729245756,1.18377178951109,0.015,0.774,-2.24431618487007,1.00600042665498,0.227259551660248,0.170444663745186
0,5,Altarawneh H,151,Qatar,1,Ancestral,B.1.1.7,infection,infection,,0.91,0.345,0.988,1,,33,56,infection,Ancestral,Alpha,5&Ancestral&Alpha,44.5,44.5,0.09,0.81,0.164030612244898,1.450010175506,1.06582594051266,0.012,0.655,-2.40794560865187,1.02033892496103,0.246909356183748,0.185182017137811
0,9,Hall V,95,United Kingdom,1,Ancestral,B.1.1.7,infection,infection,,0.84,0.81,0.87,2,29,,,infection,Ancestral,Alpha,9&Ancestral&Alpha,,29,0.16,0.74,0.0153061224489796,1.04596855518269,0.0795536509822223,0.13,0.19,-1.83258146374831,0.0968085769655366,0.808290376865477,0.606217782649107
0,23,Pritchard E,95,United Kingdom,1,"Ancestral, B.1.1.7",B.1.1.7,infection,infection,,0.42,0.19,0.58,1,,0,15,infection,Ancestral,Alpha,23&Ancestral&Alpha,7.5,7.5,0.58,0.32,0.0994897959183673,-0.75377180237638,0.457214135654262,0.42,0.81,-0.544727175441672,0.167545800099253,0.317037569560487,0.237778177170365
0,23,Pritchard E,95,United Kingdom,1,"Ancestral, B.1.1.7",B.1.1.7,infection,infection,,0.81,0.66,0.9,1,,16,32,infection,Ancestral,Alpha,23&Ancestral&Alpha,24,24,0.19,0.71,0.0612244897959184,0.895384047054841,0.297350606099652,0.1,0.34,-1.66073120682165,0.312187610107683,0.404145188432738,0.303108891324554
