acause,resid_prop_u15,resid_prop_m_15_59,resid_prop_f_15_59,resid_prop_o60
nutrition_iron,0.805,0.805,0.805,0.805
gyne_fibroids,0,0,0.1131,0
gyne_other,0,0,0.039,0
endo,0.03705,0.039,0.01755,0.0585
infectious,0.0507,0.039,0.0078,0.0195
ntd_other,0.078,0.039,0.0078,0.0195
hemog_other,0.02925,0.078,0.00975,0.0975
